0.0.0.0	175
109.70.46.75	1276
112.78.112.203	1150
112.78.112.77	936
112.78.192.208	567
112.78.203.202	586
114.111.75.216	977
115.178.18.2	348
115.85.145.2	1871
115.85.145.5	1881
116.214.13.16	1826
117.55.213.209	779
118.155.220.112	749
118.155.241.97	2467
118.159.237.67	607
118.23.74.22	1171
118.67.76.166	1785
119.160.247.124	1938
119.160.252.14	1854
119.27.56.244	2780
119.31.250.151	1587
12.120.180.24	709
12.129.199.110	1040
12.130.81.246	2479
12.130.81.249	1135
12.171.94.46	1899
12.51.32.102	2067
12.51.32.108	2140
12.51.32.111	2071
12.51.32.116	2025
121.119.187.34	2922
121.119.188.104	2771
121.50.45.229	991
121.50.62.134	2956
121.83.204.144	962
122.1.85.14	731
122.1.85.15	1908
122.1.85.16	2010
122.1.85.7	2081
122.100.4.68	336
122.147.128.136	1754
122.195.134.142	2790
122.200.195.96	2096
122.200.222.60	953
122.200.236.210	1945
122.208.179.30	2824
122.208.218.238	2811
122.215.192.22	818
122.221.10.234	2126
122.50.124.253	618
124.198.191.30	500
124.198.191.40	1099
124.32.208.29	2127
124.40.52.133	1121
124.41.66.43	837
124.83.147.191	910
125.100.100.150	1866
125.100.100.189	2059
125.100.100.199	800
125.100.100.225	895
125.100.100.35	1868
125.100.100.9	2052
125.194.0.15	875
125.206.178.204	990
125.206.224.220	987
125.6.164.40	1251
125.6.164.41	430
125.6.164.43	428
125.6.164.51	425
125.6.176.113	1018
125.89.196.18	1873
128.121.146.100	1240
128.121.146.228	614
128.121.234.46	1645
128.121.243.228	439
128.121.254.153	2165
128.121.66.251	523
128.2.204.134	2123
128.241.232.51	1863
128.242.240.116	1101
128.242.240.148	1241
128.242.240.20	693
128.242.240.52	1607
128.242.240.84	1676
128.242.245.116	377
128.242.245.148	1066
128.242.245.20	378
128.242.245.43	1728
128.242.245.84	785
128.30.52.166	2181
128.30.52.168	2471
128.30.52.170	311
128.30.52.51	205
128.30.52.53	2114
128.30.52.54	339
128.30.52.56	2149
128.30.52.72	546
128.30.52.73	609
128.63.2.53	87
128.8.10.90	241
129.121.173.10	499
129.195.254.33	841
129.6.15.28	1026
129.97.134.71	327
130.251.198.13	2110
130.95.112.4	1889
131.107.116.43	2888
131.188.12.212	1550
131.202.240.209	1958
131.202.240.218	16
131.202.243.84	2900
131.202.243.90	2151
131.203.126.175	2805
132.170.216.158	2145
133.205.68.65	1061
137.149.3.3	1634
140.109.17.62	1971
140.211.166.9	2214
141.146.8.165	3033
141.211.13.224	1434
141.211.32.129	1440
141.211.32.63	1435
141.93.35.166	2894
142.166.115.13	2985
142.166.115.14	2986
142.166.14.69	130
142.166.14.70	650
142.166.14.71	52
142.166.14.72	62
142.166.14.75	1069
142.166.14.76	1395
142.166.14.77	658
142.166.14.78	53
142.166.14.79	298
142.166.14.80	50
142.166.14.81	1412
142.166.14.85	134
142.166.14.86	248
142.167.79.190	2166
142.167.88.44	2987
142.176.121.209	1934
142.176.121.210	193
142.176.121.211	126
142.176.121.212	2911
142.176.121.213	3003
142.176.121.215	2029
142.176.121.216	211
142.176.121.217	61
142.176.121.219	3019
142.176.121.69	1421
142.176.121.70	1446
142.176.121.71	1430
142.176.121.72	1428
142.176.121.77	1806
142.176.121.78	1437
142.176.121.79	1548
142.176.121.80	1431
142.176.121.85	1443
142.176.121.86	194
142.176.121.87	960
142.176.121.88	1427
142.176.121.93	1424
142.176.121.94	1436
142.176.121.95	1464
145.58.30.134	1937
145.58.33.75	1967
145.58.33.97	1970
148.84.103.12	2115
15.227.128.50	2171
150.203.56.16	1876
150.48.253.201	1200
151.1.201.162	2132
151.138.22.170	403
151.189.20.30	441
156.154.101.4	1800
156.21.1.169	1060
156.21.1.19	1204
157.166.224.104	2861
157.166.224.105	2476
157.166.224.109	1419
157.166.224.29	1379
157.166.226.104	2908
157.166.226.105	1077
157.166.226.109	1277
157.166.255.23	2816
157.166.255.25	1239
157.205.237.17	1448
159.142.174.37	2080
159.153.106.153	1657
159.153.172.245	1712
159.153.234.77	1675
161.31.24.27	2147
161.58.8.140	27
163.139.234.15	1778
163.43.128.52	2798
164.109.50.111	1301
165.193.73.44	1824
165.193.93.108	1978
167.107.80.239	1396
167.219.5.88	2901
168.143.161.20	717
168.143.162.100	1318
168.143.162.116	1551
168.143.162.36	151
168.143.162.52	1177
168.143.162.68	1166
168.143.171.180	2055
168.143.171.186	1405
168.143.171.84	1361
168.143.173.61	1772
168.143.174.25	2784
168.144.247.76	230
168.144.71.202	247
169.232.48.157	458
17.112.152.73	2898
17.149.156.10	1392
17.250.236.65	1312
17.251.200.74	2774
170.123.237.62	831
170.149.173.130	968
170.149.173.131	1960
173.192.225.170	2061
173.201.96.1	306
173.203.103.106	1913
173.203.198.6	3044
173.236.130.167	335
173.236.91.148	2975
174.120.137.194	1460
174.120.234.59	774
174.120.238.130	337
174.120.43.124	232
174.120.43.80	2773
174.121.17.115	1688
174.121.199.67	317
174.129.137.204	1250
174.129.163.224	1233
174.129.228.1	878
174.129.228.246	1289
174.129.236.171	477
174.129.244.210	2952
174.129.32.16	2169
174.129.4.145	2849
174.132.164.188	1292
174.132.167.220	784
174.132.188.162	443
174.132.191.11	2146
174.132.34.18	3022
174.132.41.44	2881
174.132.58.227	2152
174.132.88.75	590
174.137.114.24	697
174.137.114.40	2801
174.137.114.57	2802
174.137.114.60	2800
174.137.125.110	1690
174.137.125.20	572
174.137.125.36	450
174.137.125.57	570
174.137.125.72	600
174.137.125.95	575
174.142.68.218	1477
174.142.90.115	93
174.143.161.196	217
174.143.205.146	1438
174.143.207.247	874
174.143.227.203	262
174.143.45.101	323
174.143.45.69	2097
174.143.89.159	786
174.35.52.80	795
174.35.52.82	796
174.36.58.233	1445
174.37.10.9	1681
174.37.151.56	1706
180.235.96.22	1672
184.51.176.191	1925
184.51.176.80	1490
184.51.177.110	2998
184.51.177.51	1547
184.51.177.53	1497
184.51.179.91	1957
184.51.181.13	1527
184.51.181.153	2910
184.51.181.222	1502
184.51.181.32	566
184.51.184.166	1503
184.51.184.229	1534
184.51.188.11	1522
184.51.188.20	1565
184.51.189.15	1963
184.51.189.86	2930
184.51.189.87	2848
184.51.190.106	1678
184.51.190.204	3000
184.73.216.15	1294
184.73.225.4	1802
184.73.227.202	117
184.73.231.4	1191
184.73.47.220	1959
184.73.96.124	361
187.51.144.51	2078
188.72.250.123	1765
192.112.36.4	101
192.12.94.30	354
192.12.94.31	744
192.150.18.118	1516
192.150.18.200	97
192.150.18.247	1406
192.150.18.59	1328
192.150.18.60	227
192.150.8.45	1439
192.150.8.60	761
192.160.13.2	1757
192.168.1.1	1111
192.168.1.101	9
192.168.1.102	78
192.168.1.103	17
192.168.1.104	14
192.168.1.105	13
192.168.1.2	202
192.168.1.255	64
192.168.2.0	2426
192.168.2.1	2218
192.168.2.10	2226
192.168.2.100	2307
192.168.2.101	2308
192.168.2.102	2309
192.168.2.103	2310
192.168.2.104	2311
192.168.2.105	2312
192.168.2.106	0
192.168.2.107	71
192.168.2.108	12
192.168.2.109	21
192.168.2.11	2227
192.168.2.110	8
192.168.2.111	11
192.168.2.112	10
192.168.2.113	1
192.168.2.114	2313
192.168.2.115	2314
192.168.2.116	2315
192.168.2.117	2316
192.168.2.118	2436
192.168.2.119	2437
192.168.2.12	2228
192.168.2.120	2317
192.168.2.121	2318
192.168.2.122	2319
192.168.2.123	2320
192.168.2.124	2321
192.168.2.125	2322
192.168.2.126	2323
192.168.2.127	2324
192.168.2.128	2325
192.168.2.129	2326
192.168.2.13	2229
192.168.2.130	2327
192.168.2.131	2328
192.168.2.132	2329
192.168.2.133	2330
192.168.2.134	2331
192.168.2.135	2332
192.168.2.136	2333
192.168.2.137	2334
192.168.2.138	2335
192.168.2.139	2336
192.168.2.14	2230
192.168.2.140	2337
192.168.2.141	2338
192.168.2.142	2339
192.168.2.143	2340
192.168.2.144	2341
192.168.2.145	2342
192.168.2.146	2343
192.168.2.147	2344
192.168.2.148	2345
192.168.2.149	2438
192.168.2.15	2428
192.168.2.150	2439
192.168.2.151	2346
192.168.2.152	2462
192.168.2.153	2440
192.168.2.154	2347
192.168.2.155	2348
192.168.2.156	2449
192.168.2.157	2450
192.168.2.158	2349
192.168.2.159	2451
192.168.2.16	2429
192.168.2.160	2452
192.168.2.161	2350
192.168.2.162	2453
192.168.2.163	2454
192.168.2.164	2351
192.168.2.165	2455
192.168.2.166	2456
192.168.2.167	2352
192.168.2.168	2353
192.168.2.169	2457
192.168.2.17	2231
192.168.2.170	2458
192.168.2.171	2354
192.168.2.172	2355
192.168.2.173	2356
192.168.2.174	2357
192.168.2.175	2358
192.168.2.176	2359
192.168.2.177	2360
192.168.2.178	2361
192.168.2.179	2362
192.168.2.18	2232
192.168.2.180	2363
192.168.2.181	2364
192.168.2.182	2365
192.168.2.183	2366
192.168.2.184	2367
192.168.2.185	2368
192.168.2.186	2369
192.168.2.187	2370
192.168.2.188	2371
192.168.2.189	2372
192.168.2.19	2233
192.168.2.190	2373
192.168.2.191	2374
192.168.2.192	2375
192.168.2.193	2376
192.168.2.194	2377
192.168.2.195	2378
192.168.2.196	2379
192.168.2.197	2380
192.168.2.198	2381
192.168.2.199	2382
192.168.2.2	143
192.168.2.20	2234
192.168.2.200	2383
192.168.2.201	2384
192.168.2.202	2385
192.168.2.203	2386
192.168.2.204	2387
192.168.2.205	2388
192.168.2.206	2389
192.168.2.207	2390
192.168.2.208	2391
192.168.2.209	2392
192.168.2.21	2235
192.168.2.210	2393
192.168.2.211	2394
192.168.2.212	2395
192.168.2.213	2396
192.168.2.214	2397
192.168.2.215	2398
192.168.2.216	2399
192.168.2.217	2400
192.168.2.218	2401
192.168.2.219	2402
192.168.2.22	2236
192.168.2.220	2403
192.168.2.221	2459
192.168.2.222	2460
192.168.2.223	2404
192.168.2.224	2405
192.168.2.225	2406
192.168.2.226	2407
192.168.2.227	2408
192.168.2.228	2409
192.168.2.229	2410
192.168.2.23	2237
192.168.2.230	2411
192.168.2.231	2412
192.168.2.232	2413
192.168.2.233	2414
192.168.2.234	2415
192.168.2.235	2416
192.168.2.236	2417
192.168.2.237	2418
192.168.2.238	2419
192.168.2.239	2420
192.168.2.24	2238
192.168.2.240	2421
192.168.2.241	2422
192.168.2.242	2423
192.168.2.243	2424
192.168.2.244	2425
192.168.2.245	2441
192.168.2.246	2442
192.168.2.247	2443
192.168.2.248	2444
192.168.2.249	2445
192.168.2.25	2239
192.168.2.250	2461
192.168.2.251	2463
192.168.2.252	2446
192.168.2.253	2447
192.168.2.254	2448
192.168.2.255	20
192.168.2.26	2240
192.168.2.27	2241
192.168.2.28	2430
192.168.2.29	2431
192.168.2.3	2427
192.168.2.30	2432
192.168.2.31	2433
192.168.2.32	2242
192.168.2.33	2243
192.168.2.34	2244
192.168.2.35	2245
192.168.2.36	2246
192.168.2.37	2247
192.168.2.38	2248
192.168.2.39	2249
192.168.2.4	2220
192.168.2.40	2250
192.168.2.41	2251
192.168.2.42	2252
192.168.2.43	2253
192.168.2.44	2254
192.168.2.45	2255
192.168.2.46	2256
192.168.2.47	2257
192.168.2.48	2258
192.168.2.49	2259
192.168.2.5	2221
192.168.2.50	2260
192.168.2.51	2261
192.168.2.52	2262
192.168.2.53	2263
192.168.2.54	2264
192.168.2.55	2265
192.168.2.56	2266
192.168.2.57	2267
192.168.2.58	2268
192.168.2.59	2269
192.168.2.6	2222
192.168.2.60	2270
192.168.2.61	2271
192.168.2.62	2272
192.168.2.63	2273
192.168.2.64	2274
192.168.2.65	2275
192.168.2.66	2276
192.168.2.67	2277
192.168.2.68	2434
192.168.2.69	2435
192.168.2.7	2223
192.168.2.70	2278
192.168.2.71	2279
192.168.2.72	2280
192.168.2.73	2281
192.168.2.74	2282
192.168.2.75	2283
192.168.2.76	2284
192.168.2.77	2285
192.168.2.78	2286
192.168.2.79	2113
192.168.2.8	2224
192.168.2.80	2287
192.168.2.81	2288
192.168.2.82	2289
192.168.2.83	2290
192.168.2.84	2291
192.168.2.85	2292
192.168.2.86	2293
192.168.2.87	2294
192.168.2.88	2295
192.168.2.89	2296
192.168.2.9	2225
192.168.2.90	2297
192.168.2.91	2298
192.168.2.92	2299
192.168.2.93	2300
192.168.2.94	2301
192.168.2.95	2302
192.168.2.96	2303
192.168.2.97	2304
192.168.2.98	2305
192.168.2.99	2306
192.168.3.114	18
192.168.3.115	22
192.168.3.116	42
192.168.3.117	24
192.168.3.2	263
192.168.3.255	19
192.168.4.118	45
192.168.4.119	46
192.168.4.120	15
192.168.4.121	105
192.168.4.2	321
192.168.4.255	75
192.168.5.0	2724
192.168.5.1	2474
192.168.5.10	2488
192.168.5.100	2562
192.168.5.101	2563
192.168.5.102	2564
192.168.5.103	2565
192.168.5.104	2566
192.168.5.105	2567
192.168.5.106	2568
192.168.5.107	2569
192.168.5.108	2715
192.168.5.109	2716
192.168.5.11	2489
192.168.5.110	2717
192.168.5.111	2718
192.168.5.112	2719
192.168.5.113	2720
192.168.5.114	2570
192.168.5.115	2571
192.168.5.116	2572
192.168.5.117	2573
192.168.5.118	2574
192.168.5.119	2575
192.168.5.12	2490
192.168.5.120	2576
192.168.5.121	2577
192.168.5.122	2
192.168.5.123	38
192.168.5.124	325
192.168.5.125	2578
192.168.5.126	2579
192.168.5.127	2580
192.168.5.128	2581
192.168.5.129	2582
192.168.5.13	2675
192.168.5.130	2583
192.168.5.131	2584
192.168.5.132	2585
192.168.5.133	2586
192.168.5.134	2587
192.168.5.135	2588
192.168.5.136	2589
192.168.5.137	2590
192.168.5.138	2591
192.168.5.139	2592
192.168.5.14	2676
192.168.5.140	2593
192.168.5.141	2594
192.168.5.142	2595
192.168.5.143	2596
192.168.5.144	2597
192.168.5.145	2598
192.168.5.146	2599
192.168.5.147	2600
192.168.5.148	2601
192.168.5.149	2602
192.168.5.15	2491
192.168.5.150	2603
192.168.5.151	2604
192.168.5.152	2605
192.168.5.153	2606
192.168.5.154	2607
192.168.5.155	2608
192.168.5.156	2609
192.168.5.157	2610
192.168.5.158	2611
192.168.5.159	2612
192.168.5.16	2492
192.168.5.160	2613
192.168.5.161	2614
192.168.5.162	2615
192.168.5.163	2721
192.168.5.164	2722
192.168.5.165	2616
192.168.5.166	2617
192.168.5.167	2618
192.168.5.168	2619
192.168.5.169	2620
192.168.5.17	2677
192.168.5.170	2621
192.168.5.171	2622
192.168.5.172	2623
192.168.5.173	2624
192.168.5.174	2625
192.168.5.175	2626
192.168.5.176	2627
192.168.5.177	2628
192.168.5.178	2629
192.168.5.179	2630
192.168.5.18	2678
192.168.5.180	2631
192.168.5.181	2723
192.168.5.182	2732
192.168.5.183	2632
192.168.5.184	2633
192.168.5.185	2726
192.168.5.186	2727
192.168.5.187	2634
192.168.5.188	2728
192.168.5.189	2729
192.168.5.19	2493
192.168.5.190	2635
192.168.5.191	2636
192.168.5.192	2637
192.168.5.193	2638
192.168.5.194	2639
192.168.5.195	2640
192.168.5.196	2641
192.168.5.197	2642
192.168.5.198	2643
192.168.5.199	2644
192.168.5.2	2725
192.168.5.20	2494
192.168.5.200	2645
192.168.5.201	2646
192.168.5.202	2647
192.168.5.203	2648
192.168.5.204	2649
192.168.5.205	2650
192.168.5.206	2651
192.168.5.207	2652
192.168.5.208	2653
192.168.5.209	2654
192.168.5.21	2495
192.168.5.210	2655
192.168.5.211	2656
192.168.5.212	2657
192.168.5.213	2658
192.168.5.214	2659
192.168.5.215	2660
192.168.5.216	2661
192.168.5.217	2662
192.168.5.218	2663
192.168.5.219	2664
192.168.5.22	2496
192.168.5.220	2665
192.168.5.221	2666
192.168.5.222	2667
192.168.5.223	2668
192.168.5.224	2669
192.168.5.225	2670
192.168.5.226	2671
192.168.5.227	2672
192.168.5.228	2673
192.168.5.229	2730
192.168.5.23	2497
192.168.5.230	2731
192.168.5.231	2683
192.168.5.232	2684
192.168.5.233	2685
192.168.5.234	2686
192.168.5.235	2687
192.168.5.236	2688
192.168.5.237	2689
192.168.5.238	2690
192.168.5.239	2691
192.168.5.24	2498
192.168.5.240	2692
192.168.5.241	2693
192.168.5.242	2694
192.168.5.243	2695
192.168.5.244	2696
192.168.5.245	2697
192.168.5.246	2698
192.168.5.247	2699
192.168.5.248	2700
192.168.5.249	2701
192.168.5.25	2499
192.168.5.250	2702
192.168.5.251	2703
192.168.5.252	2704
192.168.5.253	2705
192.168.5.254	2706
192.168.5.255	39
192.168.5.26	2500
192.168.5.27	2501
192.168.5.28	2502
192.168.5.29	2503
192.168.5.3	2674
192.168.5.30	2679
192.168.5.31	2680
192.168.5.32	2504
192.168.5.33	2505
192.168.5.34	2506
192.168.5.35	2507
192.168.5.36	2508
192.168.5.37	2509
192.168.5.38	2510
192.168.5.39	2511
192.168.5.4	2482
192.168.5.40	2512
192.168.5.41	2513
192.168.5.42	2514
192.168.5.43	2681
192.168.5.44	2682
192.168.5.45	2515
192.168.5.46	2516
192.168.5.47	2517
192.168.5.48	2518
192.168.5.49	2519
192.168.5.5	2483
192.168.5.50	2520
192.168.5.51	2521
192.168.5.52	2522
192.168.5.53	2523
192.168.5.54	2524
192.168.5.55	2525
192.168.5.56	2707
192.168.5.57	2708
192.168.5.58	2526
192.168.5.59	2527
192.168.5.6	2484
192.168.5.60	2528
192.168.5.61	2529
192.168.5.62	2530
192.168.5.63	2531
192.168.5.64	2532
192.168.5.65	2533
192.168.5.66	2534
192.168.5.67	2535
192.168.5.68	2536
192.168.5.69	2709
192.168.5.7	2485
192.168.5.70	2710
192.168.5.71	2537
192.168.5.72	2538
192.168.5.73	2539
192.168.5.74	2540
192.168.5.75	2541
192.168.5.76	2542
192.168.5.77	2543
192.168.5.78	2544
192.168.5.79	2545
192.168.5.8	2486
192.168.5.80	2546
192.168.5.81	2547
192.168.5.82	2711
192.168.5.83	2712
192.168.5.84	2548
192.168.5.85	2549
192.168.5.86	2550
192.168.5.87	2551
192.168.5.88	2552
192.168.5.89	2553
192.168.5.9	2487
192.168.5.90	2554
192.168.5.91	2555
192.168.5.92	2556
192.168.5.93	2557
192.168.5.94	2558
192.168.5.95	2713
192.168.5.96	2714
192.168.5.97	2559
192.168.5.98	2560
192.168.5.99	2561
192.203.230.10	242
192.221.110.126	1473
192.221.96.126	724
192.228.79.201	243
192.26.92.30	876
192.26.92.31	742
192.31.80.30	426
192.33.14.30	353
192.33.4.12	144
192.35.50.46	2905
192.35.51.30	1125
192.36.148.17	195
192.41.12.196	381
192.41.162.30	98
192.41.162.31	741
192.42.93.30	161
192.43.172.30	283
192.48.79.30	745
192.5.5.241	102
192.5.6.30	869
192.5.6.31	743
192.50.43.53	253
192.52.178.30	659
192.54.112.30	999
192.55.83.30	1053
192.58.128.30	168
192.72.83.19	1942
192.83.249.28	2054
193.0.14.129	100
193.108.88.1	445
193.108.88.130	1398
193.108.88.2	257
193.108.91.242	2804
193.5.93.80	438
194.117.224.81	2864
194.117.224.91	1549
194.126.131.54	2858
194.190.6.6	2481
194.33.179.25	2159
194.78.247.20	1896
195.110.90.144	1493
195.12.18.226	1033
195.134.166.14	1347
195.154.120.131	634
195.210.96.4	2153
195.214.219.206	980
195.214.219.212	808
195.47.247.250	374
195.59.44.134	1157
195.59.44.137	258
195.66.135.140	1807
195.8.110.45	3020
195.86.39.11	135
196.34.133.199	2186
198.105.192.29	196
198.105.192.30	282
198.105.192.44	237
198.105.193.114	1471
198.105.193.229	1543
198.105.193.70	598
198.105.193.76	662
198.105.193.82	1486
198.105.193.90	861
198.105.194.142	1700
198.105.195.87	652
198.105.195.88	913
198.105.196.110	882
198.105.197.35	599
198.105.197.37	601
198.105.199.44	985
198.107.151.100	682
198.151.60.175	2916
198.151.60.58	2919
198.160.98.234	274
198.164.30.2	76
198.173.85.138	1518
198.175.98.35	814
198.176.166.187	844
198.41.0.4	218
198.78.209.126	736
198.78.215.126	1475
198.78.220.126	1293
199.181.132.250	555
199.181.133.183	1482
199.181.134.16	677
199.19.53.1	2958
199.19.54.1	1093
199.19.56.1	1085
199.19.57.1	2980
199.239.136.92	1962
199.239.137.223	721
199.239.137.224	673
199.239.137.32	944
199.249.112.1	2984
199.249.113.1	1708
199.249.120.1	692
199.7.59.72	351
199.7.68.1	1218
199.7.69.1	1174
199.7.83.42	99
199.80.61.212	1677
199.93.44.113	1915
200.234.196.121	2038
200.9.47.5	2822
201.20.24.81	2062
202.108.251.155	1689
202.108.251.42	1771
202.12.27.33	189
202.131.203.48	740
202.131.203.88	1781
202.143.90.147	776
202.152.222.51	1864
202.165.104.22	1990
202.167.241.115	838
202.172.26.3	1603
202.172.28.118	1274
202.172.28.124	2053
202.172.28.128	1638
202.172.28.36	1479
202.172.28.86	1246
202.181.96.45	204
202.181.97.14	542
202.181.98.205	522
202.181.99.43	605
202.186.13.252	77
202.210.143.131	1083
202.210.143.140	588
202.218.218.251	1828
202.218.36.71	1028
202.218.47.111	1016
202.221.226.29	722
202.228.223.219	908
202.232.87.75	1965
202.234.192.91	1023
202.247.115.242	1055
202.247.115.248	1045
202.248.228.20	793
202.3.142.209	254
202.3.143.98	2198
202.32.166.202	942
202.33.93.42	2906
202.41.220.218	2979
202.43.223.170	256
202.47.29.147	520
202.51.53.249	880
202.51.53.26	1046
202.53.21.212	703
202.53.22.135	759
202.58.1.41	929
202.58.5.134	754
202.72.50.128	3048
202.72.50.129	3028
202.72.50.130	2892
202.72.50.199	2913
202.72.51.41	2989
202.72.52.199	2933
202.72.53.64	2837
202.72.54.151	2168
202.74.25.108	1047
202.90.188.144	2170
203.104.100.227	2935
203.105.65.195	259
203.116.131.12	2155
203.116.131.24	704
203.117.178.12	372
203.119.1.1	3049
203.141.246.110	881
203.142.198.216	501
203.142.211.166	1348
203.166.110.169	1858
203.174.67.148	2095
203.180.154.22	932
203.183.64.145	1126
203.190.224.70	1927
203.190.58.109	2929
203.190.58.18	2912
203.190.58.31	3046
203.190.59.104	2972
203.190.59.110	2918
203.190.59.111	2992
203.190.59.15	2926
203.190.59.150	2914
203.190.59.92	2091
203.190.60.106	2990
203.190.60.90	2092
203.191.241.99	1180
203.216.199.242	3032
203.223.30.78	2839
203.69.42.47	1928
203.73.24.75	269
203.73.24.80	281
203.80.26.36	1107
203.81.17.195	1703
203.84.205.80	1841
203.84.206.29	1567
203.96.76.147	2944
204.127.208.23	2017
204.13.161.71	367
204.13.200.58	801
204.13.250.100	2924
204.13.251.100	2923
204.13.251.26	1161
204.13.8.76	621
204.16.104.146	1639
204.160.104.116	2947
204.160.104.126	3001
204.160.105.126	543
204.160.108.126	1106
204.160.125.126	1078
204.160.127.126	366
204.227.178.148	1081
204.232.142.118	1586
204.232.147.30	1271
204.232.159.101	2786
204.232.174.205	592
204.232.248.15	472
204.236.224.111	2102
204.236.228.198	417
204.236.229.122	1520
204.238.82.41	2869
204.238.82.42	1929
204.246.162.5	982
204.246.169.246	1777
204.246.238.69	1404
204.27.53.11	1433
204.27.53.16	1266
204.27.53.9	1308
204.58.27.122	1097
204.74.108.1	1335
204.74.114.1	1732
204.74.115.1	1384
204.74.66.132	639
204.74.67.132	640
204.9.177.195	31
204.9.178.11	43
205.128.73.116	526
205.128.73.126	1223
205.128.84.126	1303
205.134.252.23	2828
205.140.192.12	1300
205.143.207.29	2797
205.144.161.31	2194
205.144.161.42	2041
205.144.161.43	835
205.144.163.154	834
205.144.163.180	2075
205.158.62.76	2957
205.177.69.140	1402
205.177.69.217	2938
205.177.69.233	2939
205.178.187.11	637
205.178.187.13	667
205.178.189.131	2111
205.178.189.53	1875
205.178.190.53	1874
205.186.132.149	2033
205.188.100.116	809
205.188.100.122	897
205.188.100.126	1063
205.188.100.160	1972
205.188.100.194	416
205.188.100.197	1993
205.188.100.202	1345
205.188.100.210	2761
205.188.100.39	113
205.188.100.47	1992
205.188.100.5	898
205.188.100.58	871
205.188.100.79	2936
205.188.101.102	1124
205.188.101.116	187
205.188.101.126	224
205.188.101.194	597
205.188.101.197	2735
205.188.101.202	617
205.188.101.210	2760
205.188.101.39	29
205.188.101.47	2734
205.188.101.5	1973
205.188.101.79	2850
205.188.103.1	66
205.188.103.2	139
205.188.146.193	128
205.188.146.194	65
205.188.155.110	7
205.188.157.18	68
205.188.165.121	1349
205.188.165.185	2895
205.188.165.57	2093
205.188.190.1	69
205.188.190.2	140
205.188.192.100	1337
205.188.192.98	938
205.188.195.111	511
205.188.195.12	2755
205.188.238.109	773
205.188.251.36	2753
205.188.59.193	6
205.188.59.194	109
205.188.80.40	2073
205.188.81.9	2859
205.188.85.98	2902
205.188.87.105	1037
205.188.87.112	3008
205.188.87.120	620
205.188.88.111	612
205.188.88.12	3035
205.188.95.112	606
205.188.95.120	419
205.188.96.18	1784
205.188.97.163	2852
205.188.97.18	1902
205.188.98.18	2074
205.188.98.23	1916
205.188.99.23	1119
205.203.139.53	2995
205.203.140.65	2216
205.222.0.20	1574
205.234.175.175	521
205.234.175.2	1730
206.123.111.173	114
206.129.166.101	2820
206.130.98.193	2079
206.132.29.62	1258
206.132.97.47	1169
206.16.21.31	96
206.16.217.135	994
206.16.220.130	577
206.16.237.195	1456
206.190.50.139	1210
206.190.50.180	1919
206.190.50.181	1211
206.191.41.98	762
206.217.198.186	630
206.222.228.12	1911
206.222.229.12	2838
206.47.170.35	840
206.47.170.43	856
206.51.126.5	1418
206.55.113.195	807
207.106.239.74	528
207.115.82.211	578
207.123.47.126	1495
207.123.55.126	755
207.126.123.20	2058
207.126.123.235	2982
207.126.123.236	2983
207.148.169.35	769
207.150.194.254	188
207.150.194.26	150
207.171.166.140	1138
207.171.166.176	854
207.171.166.252	656
207.171.166.50	1489
207.171.166.98	1632
207.171.168.17	848
207.171.170.1	1799
207.171.178.13	1389
207.171.181.135	1488
207.171.181.140	1002
207.171.181.192	1749
207.171.185.163	1830
207.171.185.225	1831
207.171.185.234	1814
207.171.187.20	1711
207.171.187.21	1820
207.200.74.38	471
207.200.74.89	389
207.200.81.151	3038
207.210.243.53	694
207.210.64.84	1304
207.238.143.161	1142
207.241.148.126	2006
207.241.148.80	463
207.241.148.88	1508
207.241.148.91	1249
207.241.227.60	2782
207.244.223.68	2889
207.251.60.162	2051
207.38.103.164	2101
207.46.141.138	804
207.46.170.10	469
207.46.170.121	171
207.46.170.123	1014
207.46.19.190	559
207.46.19.254	173
207.46.194.31	192
207.46.194.32	364
207.46.197.32	371
207.46.212.170	405
207.46.216.54	399
207.46.222.27	2090
207.46.225.250	1365
207.46.225.252	172
207.46.232.182	108
207.46.245.32	1766
207.46.245.60	1722
207.46.75.254	1042
207.56.179.5	1307
207.58.150.180	1738
207.58.182.231	1454
207.67.0.233	626
207.7.108.85	1692
207.97.211.30	3012
208.100.8.185	1633
208.100.8.187	1596
208.101.3.187	551
208.109.110.223	518
208.109.123.126	513
208.109.138.4	1230
208.109.138.5	824
208.109.138.56	1229
208.109.14.154	862
208.109.243.210	424
208.109.255.100	872
208.109.54.123	60
208.109.78.238	583
208.111.160.117	2834
208.111.160.44	362
208.111.160.6	120
208.111.161.254	122
208.111.162.51	2043
208.111.162.56	1224
208.112.14.44	2143
208.113.148.203	2876
208.113.162.153	115
208.116.35.250	1635
208.116.50.101	1744
208.116.9.82	384
208.122.194.71	1991
208.122.202.203	1985
208.122.211.130	1994
208.122.215.180	1374
208.122.28.10	116
208.122.28.11	118
208.122.28.12	208
208.122.28.18	36
208.122.28.2	136
208.122.28.20	37
208.122.28.21	35
208.122.28.26	34
208.122.28.27	32
208.122.28.29	152
208.122.28.3	137
208.122.28.30	238
208.122.28.4	119
208.122.50.173	1035
208.122.51.48	1222
208.131.147.206	889
208.184.176.105	2106
208.184.36.73	1082
208.185.127.61	2890
208.185.127.62	2981
208.185.160.10	981
208.187.91.203	954
208.217.74.35	2925
208.250.71.216	2086
208.43.92.218	1787
208.44.108.133	284
208.44.108.138	423
208.52.165.135	2907
208.53.158.159	2036
208.66.204.189	228
208.66.205.221	226
208.66.61.28	1530
208.66.67.30	924
208.66.67.32	206
208.68.110.119	851
208.68.171.101	1998
208.69.183.171	683
208.70.229.80	2738
208.71.105.172	536
208.71.105.200	540
208.71.107.38	602
208.71.107.59	554
208.71.123.86	1416
208.71.125.86	1578
208.71.129.9	1686
208.71.172.47	757
208.73.210.125	558
208.73.210.128	564
208.73.210.28	344
208.74.121.51	758
208.74.121.56	715
208.74.123.44	2076
208.74.205.35	112
208.75.170.1	402
208.75.171.1	529
208.76.1.70	545
208.76.240.178	1803
208.76.243.50	1683
208.76.70.163	1499
208.76.70.192	1501
208.78.125.11	2920
208.78.125.12	3010
208.78.125.13	2199
208.78.125.15	2885
208.78.125.18	2200
208.78.70.26	1217
208.78.71.26	1344
208.79.141.182	1662
208.79.141.224	1737
208.80.126.2	1086
208.80.152.118	1012
208.80.152.2	1004
208.80.152.3	970
208.80.58.66	873
208.82.196.27	1286
208.87.32.68	373
208.87.33.151	303
208.89.12.3	2991
208.89.13.133	2968
208.90.126.6	3024
208.92.80.130	1753
208.93.136.12	2950
208.94.1.113	1422
208.94.1.203	1120
208.94.147.64	1034
208.94.2.23	1599
208.94.2.24	1592
208.94.2.43	1595
208.94.3.139	1829
208.94.3.71	1734
208.94.3.72	1626
208.94.65.45	235
208.96.162.11	1661
208.96.162.19	1566
208.97.136.49	2190
208.99.78.173	2750
209.11.177.200	2141
209.132.192.182	833
209.133.56.111	530
209.133.56.18	1696
209.133.56.194	1758
209.143.198.199	1257
209.149.221.130	647
209.149.221.162	649
209.149.221.2	641
209.149.221.222	648
209.149.221.34	638
209.149.221.66	642
209.149.221.98	646
209.157.71.50	2134
209.160.33.108	3018
209.161.37.11	998
209.161.37.21	1193
209.17.66.11	1786
209.17.69.34	1752
209.17.73.11	1649
209.17.73.14	1767
209.17.73.18	1538
209.17.73.20	1575
209.17.73.24	1598
209.17.73.30	1484
209.17.73.32	1624
209.17.73.34	1709
209.17.73.42	619
209.17.74.144	264
209.197.115.172	333
209.197.74.250	698
209.200.237.4	2976
209.200.69.30	2212
209.202.243.140	996
209.202.252.130	1147
209.202.252.14	1064
209.202.252.20	948
209.202.252.50	903
209.202.252.55	906
209.202.252.57	1098
209.202.254.14	993
209.202.254.15	928
209.202.254.60	912
209.212.157.140	1227
209.212.158.170	1631
209.216.203.124	1623
209.217.33.203	2809
209.221.1.217	2007
209.234.225.243	1423
209.234.234.16	710
209.237.150.20	464
209.237.226.92	2833
209.237.45.133	665
209.237.45.134	666
209.240.75.13	1262
209.247.226.39	1809
209.249.140.135	756
209.249.140.20	305
209.249.170.10	1685
209.249.171.141	1281
209.25.157.74	2164
209.25.157.75	2163
209.25.170.41	1748
209.50.243.18	493
209.59.146.130	1137
209.61.193.136	1195
209.61.193.139	1197
209.61.193.147	1188
209.62.176.73	632
209.62.20.188	502
209.62.20.192	275
209.62.20.200	485
209.62.25.178	1725
209.73.164.90	285
209.73.180.1	286
209.73.186.205	457
209.73.188.248	687
209.80.46.32	1946
209.80.46.34	179
209.80.46.39	123
209.80.46.44	2948
209.80.46.45	207
209.80.46.46	296
209.80.46.51	245
209.80.46.52	236
209.80.46.53	319
209.80.46.55	314
209.80.46.56	316
209.80.46.57	290
209.80.46.58	887
209.80.46.62	2045
209.80.46.64	318
209.80.46.66	2468
209.80.46.68	2162
209.80.46.69	209
209.80.46.73	712
209.80.46.74	44
209.80.46.75	125
209.80.46.78	1074
209.80.46.80	2048
209.80.46.85	244
209.80.46.90	1041
209.84.20.126	1208
209.84.24.126	1311
209.84.29.101	1441
209.84.29.126	1238
209.84.30.113	460
209.85.24.58	685
209.85.51.222	229
209.87.178.183	1235
209.91.196.4	176
209.96.95.10	735
209.96.95.7	734
210.128.67.30	1590
210.128.67.50	1582
210.133.103.230	788
210.133.103.239	794
210.133.105.250	730
210.136.232.195	828
210.136.232.248	1252
210.136.232.249	739
210.138.175.244	1141
210.142.192.208	2999
210.146.188.182	701
210.147.38.21	1008
210.148.64.20	1839
210.154.102.138	1092
210.158.203.34	1886
210.166.216.34	2988
210.166.221.57	1850
210.166.78.162	972
210.169.184.51	331
210.169.202.219	3005
210.172.144.10	1080
210.175.230.166	1000
210.175.234.196	2167
210.188.195.34	591
210.188.195.42	1005
210.188.199.237	966
210.188.206.193	1458
210.188.220.141	1593
210.188.254.32	1029
210.188.254.34	988
210.193.120.139	811
210.198.7.166	2077
210.200.219.161	1840
210.224.176.216	760
210.224.177.203	516
210.239.33.36	933
210.239.46.38	939
210.242.18.8	1782
210.242.41.231	433
210.248.135.246	866
210.248.168.39	770
210.253.133.182	850
210.254.105.73	791
210.52.216.92	2107
210.69.148.15	1843
211.0.153.34	1343
211.10.16.13	1940
211.120.46.201	616
211.120.61.129	504
211.13.204.3	935
211.13.221.39	2974
211.19.54.126	1190
211.233.19.78	790
211.8.118.102	1003
211.8.29.132	1836
211.8.29.140	544
211.9.194.76	1159
211.94.161.70	2187
212.159.8.110	1030
212.159.8.56	505
212.159.8.58	1330
212.159.8.61	1017
212.159.8.91	1091
212.159.9.110	1305
212.159.9.56	467
212.159.9.61	2971
212.18.4.21	1498
212.227.0.82	1282
212.227.101.180	1637
212.227.111.29	385
212.227.116.111	1283
212.227.116.171	1284
212.227.126.78	1198
212.23.59.2	1531
212.23.59.4	1514
212.24.112.205	111
212.47.171.73	1485
212.58.226.77	1618
212.58.226.79	2756
212.58.227.137	3016
212.58.229.54	390
212.58.244.140	732
212.58.244.141	444
212.58.244.142	1324
212.58.244.143	2040
212.58.244.144	1140
212.58.244.145	1620
212.58.244.146	2084
212.58.244.147	738
212.58.246.141	1880
212.58.246.143	2853
212.58.246.146	2871
212.58.246.158	2014
212.58.246.159	1941
212.58.246.160	2180
212.58.246.161	1129
212.58.246.164	1268
212.58.246.165	2035
213.155.64.209	453
213.171.195.53	670
213.171.218.115	1133
213.171.218.136	611
213.186.33.19	2202
213.199.161.77	676
213.199.164.110	1483
213.199.164.24	1478
213.199.164.26	1602
213.199.174.196	1512
213.199.186.32	1463
213.244.183.204	2949
213.244.183.216	2088
213.244.183.222	945
213.75.63.14	2891
213.92.16.191	2122
216.109.86.150	787
216.110.3.207	1154
216.115.108.141	1779
216.115.108.143	1926
216.12.204.45	557
216.12.207.106	1279
216.137.33.10	1383
216.137.33.101	1780
216.137.33.105	1774
216.137.33.107	2779
216.137.33.11	2835
216.137.33.111	1515
216.137.33.114	1701
216.137.33.115	1813
216.137.33.117	158
216.137.33.119	2465
216.137.33.12	159
216.137.33.122	3040
216.137.33.124	1613
216.137.33.127	901
216.137.33.128	1727
216.137.33.129	1636
216.137.33.13	1577
216.137.33.130	1705
216.137.33.135	418
216.137.33.136	1628
216.137.33.137	1770
216.137.33.14	1095
216.137.33.140	2860
216.137.33.141	1812
216.137.33.142	1981
216.137.33.145	975
216.137.33.147	1297
216.137.33.150	1810
216.137.33.152	411
216.137.33.156	1185
216.137.33.16	1665
216.137.33.174	1980
216.137.33.176	2815
216.137.33.177	1674
216.137.33.178	1186
216.137.33.18	1704
216.137.33.187	479
216.137.33.190	1698
216.137.33.191	1743
216.137.33.193	1664
216.137.33.195	1346
216.137.33.198	1183
216.137.33.2	3031
216.137.33.202	657
216.137.33.206	748
216.137.33.208	2827
216.137.33.210	747
216.137.33.213	1982
216.137.33.214	1267
216.137.33.215	1594
216.137.33.218	746
216.137.33.219	1316
216.137.33.221	1679
216.137.33.223	3037
216.137.33.227	1231
216.137.33.233	1350
216.137.33.236	1332
216.137.33.237	1356
216.137.33.240	2810
216.137.33.241	2879
216.137.33.242	1931
216.137.33.243	2819
216.137.33.244	2841
216.137.33.246	2814
216.137.33.247	2776
216.137.33.248	1612
216.137.33.249	2931
216.137.33.251	1794
216.137.33.252	1576
216.137.33.253	1930
216.137.33.254	1610
216.137.33.26	462
216.137.33.27	1616
216.137.33.28	1254
216.137.33.30	2466
216.137.33.31	1775
216.137.33.34	1653
216.137.33.38	2767
216.137.33.42	680
216.137.33.44	2862
216.137.33.45	1739
216.137.33.49	2843
216.137.33.5	1521
216.137.33.51	2794
216.137.33.55	1333
216.137.33.56	1611
216.137.33.59	1273
216.137.33.62	822
216.137.33.63	2781
216.137.33.64	2873
216.137.33.65	2193
216.137.33.66	2967
216.137.33.68	1740
216.137.33.69	820
216.137.33.72	2751
216.137.33.77	2026
216.137.33.78	1609
216.137.33.84	1776
216.137.33.87	1540
216.137.33.89	1742
216.137.33.90	2072
216.137.33.92	1504
216.137.33.96	1020
216.137.33.97	1605
216.137.33.98	823
216.139.235.199	1536
216.139.242.101	2909
216.150.21.95	826
216.150.240.60	963
216.155.131.19	1500
216.169.250.72	1449
216.169.250.80	1355
216.178.38.114	1673
216.178.38.120	1751
216.178.38.143	1855
216.178.38.191	1724
216.178.38.47	1827
216.178.38.80	1750
216.178.39.104	1921
216.178.39.11	1275
216.178.39.77	2020
216.178.40.82	1932
216.178.41.152	2023
216.178.41.160	2024
216.18.209.27	830
216.185.43.230	427
216.187.117.61	28
216.187.121.100	716
216.218.130.2	1882
216.218.131.2	1884
216.218.132.2	1883
216.218.139.86	1296
216.22.86.35	2757
216.22.86.36	964
216.22.86.37	927
216.23.225.68	803
216.23.226.139	781
216.23.232.110	812
216.23.232.97	802
216.23.233.38	780
216.239.116.48	1842
216.239.116.49	1804
216.239.116.50	1357
216.239.116.55	1801
216.239.122.178	320
216.239.122.227	1359
216.239.122.40	302
216.239.32.10	1207
216.239.36.10	1761
216.239.38.10	1759
216.246.75.192	1287
216.246.75.197	2870
216.246.75.200	1112
216.251.126.253	3030
216.251.43.11	2044
216.252.106.44	1213
216.252.106.71	766
216.252.126.190	2196
216.27.90.129	2087
216.34.181.60	1788
216.34.181.96	1755
216.34.207.176	1194
216.34.207.177	1245
216.34.207.39	1525
216.34.207.59	1209
216.34.207.62	1076
216.35.221.76	549
216.38.160.97	1491
216.38.172.107	2791
216.38.172.97	1378
216.38.51.34	1326
216.39.50.89	1212
216.40.47.18	2139
216.40.47.20	2120
216.49.88.17	2179
216.55.184.125	2016
216.69.149.203	867
216.69.149.215	72
216.69.149.9	409
216.69.185.100	1756
216.69.185.14	216
216.73.87.10	1334
216.73.93.170	299
216.8.179.23	1517
216.8.179.25	1655
216.87.185.22	1731
216.9.35.60	1205
216.93.164.70	219
217.20.17.70	976
217.73.200.222	2001
218.216.185.7	2899
218.219.62.100	947
218.219.62.102	955
218.45.25.171	1143
219.113.1.38	1102
219.118.220.7	778
219.84.203.55	1796
219.94.128.69	1878
219.94.129.148	164
219.94.144.163	839
219.94.152.217	2769
219.94.153.208	1693
219.94.160.120	777
219.94.162.41	886
219.94.162.86	1466
219.94.163.153	1715
219.94.163.184	943
219.94.170.14	937
219.94.178.79	313
219.94.192.101	3011
219.94.192.73	696
219.94.192.83	940
219.94.198.172	863
219.94.203.105	2897
219.94.203.114	2744
219.94.203.160	1903
219.94.203.161	1892
219.99.163.204	1070
219.99.165.104	1163
219.99.166.54	1640
220.213.230.33	764
221.171.253.208	949
221.251.34.28	2955
222.146.59.89	2012
224.0.0.22	107
224.0.0.251	89
224.0.0.252	106
239.255.255.250	1096
24.143.196.82	1022
255.255.255.255	92
38.101.169.206	2970
38.102.228.21	992
38.108.190.128	2865
38.108.99.201	1519
38.109.156.31	1156
38.113.1.155	847
38.113.163.70	1848
38.96.214.113	959
38.96.215.79	1152
38.96.235.83	1877
38.96.249.233	2203
38.98.19.103	2868
38.98.19.125	2867
38.98.19.126	579
38.99.207.46	1849
38.99.42.37	1199
38.99.42.39	1216
38.99.76.155	1660
38.99.76.161	1420
38.99.76.77	1559
38.99.77.157	1644
38.99.77.43	1764
4.23.40.126	396
4.23.51.51	1585
4.23.58.126	1149
4.71.173.89	494
4.71.251.74	1763
4.79.209.231	2754
41.178.51.12	1472
43.253.228.160	1117
43.253.228.161	1118
43.253.34.206	1114
43.253.34.207	1115
58.138.132.125	2785
58.138.191.218	1604
59.106.111.133	1196
59.106.111.69	482
59.106.111.71	1313
59.106.116.71	2150
59.106.116.74	2806
59.106.13.161	699
59.106.164.77	919
59.106.19.176	797
59.106.19.74	2125
59.106.19.85	1139
59.106.58.61	1381
59.106.65.72	798
59.106.65.80	1790
59.106.97.232	481
59.128.86.32	2796
59.128.86.8	1968
59.128.86.9	2927
60.199.244.97	1747
60.217.232.148	1768
60.217.241.32	1691
60.238.0.220	775
60.250.109.216	1844
60.32.201.101	2027
60.32.80.243	581
61.112.44.178	989
61.121.100.105	1178
61.121.242.133	995
61.121.247.64	255
61.147.67.206	478
61.195.170.5	1175
61.203.133.131	1789
61.203.133.139	1793
61.208.135.178	1773
61.213.12.15	799
61.213.12.16	1455
61.213.12.19	1459
61.213.12.21	1817
61.215.193.200	1380
61.215.193.249	711
61.63.20.162	1838
61.63.27.33	432
62.116.163.221	382
62.140.213.218	1760
62.140.213.241	1608
62.140.213.243	1362
62.146.190.112	1555
62.146.190.134	1552
62.149.130.16	2996
62.149.36.16	1845
62.161.94.221	635
62.197.40.157	700
62.212.5.194	2124
62.213.111.199	1215
62.41.78.201	214
62.69.178.163	2030
62.69.188.70	2037
62.93.239.52	2770
63.111.123.26	1523
63.111.3.133	182
63.123.248.11	1010
63.123.248.7	2787
63.135.80.46	1388
63.135.80.56	1699
63.146.109.212	291
63.150.131.81	1360
63.215.202.6	1256
63.215.202.9	1255
63.231.0.16	2937
63.236.73.147	288
63.236.73.159	278
63.236.73.172	279
63.236.73.177	287
63.240.19.141	1179
63.241.106.251	2148
63.241.108.124	1248
63.245.208.161	1072
63.245.208.183	1572
63.245.208.185	1597
63.245.209.106	923
63.245.209.11	1541
63.245.209.132	568
63.245.209.134	2188
63.245.209.139	1132
63.245.209.22	860
63.245.209.23	1656
63.245.209.24	918
63.245.209.28	517
63.245.209.32	2191
63.245.209.35	1569
63.245.209.37	2799
63.245.209.47	1563
63.245.209.48	623
63.245.209.50	2851
63.245.209.66	663
63.245.209.72	713
63.245.209.79	1164
63.245.209.8	2174
63.245.212.5	1113
63.245.213.92	2204
63.245.213.93	2189
63.245.213.94	2185
63.245.217.20	454
63.245.217.21	1615
63.245.217.40	537
63.245.221.11	1025
63.246.23.238	304
63.246.8.186	706
63.247.141.186	349
63.247.142.16	2960
63.251.52.155	148
63.251.52.160	94
63.251.52.165	85
63.251.52.173	167
63.251.52.179	271
64.118.84.9	2208
64.12.106.163	1818
64.12.128.18	1059
64.12.128.23	2021
64.12.129.18	594
64.12.129.23	1821
64.12.129.79	1148
64.12.130.23	1944
64.12.131.163	624
64.12.131.18	1039
64.12.131.23	1805
64.12.134.169	1057
64.12.137.169	80
64.12.173.101	1393
64.12.173.99	1032
64.12.174.121	519
64.12.174.185	3025
64.12.174.57	1062
64.12.222.197	81
64.12.228.12	2119
64.12.229.1	1087
64.12.236.93	1986
64.12.244.203	131
64.12.245.203	407
64.12.246.205	132
64.12.75.1	593
64.12.79.12	2840
64.12.79.156	1331
64.12.79.184	2932
64.12.79.57	414
64.12.89.132	3009
64.12.90.1	145
64.12.90.33	141
64.12.90.34	146
64.12.90.65	67
64.12.90.66	4
64.12.90.97	5
64.12.90.98	3
64.12.96.112	1038
64.12.96.20	957
64.12.97.207	1056
64.12.99.24	2142
64.124.88.24	1736
64.128.95.63	1462
64.13.141.6	1071
64.13.192.164	1403
64.13.232.195	265
64.130.14.170	514
64.130.23.245	1242
64.136.20.36	550
64.14.197.3	2946
64.14.197.4	2945
64.14.74.65	753
64.147.162.155	200
64.147.162.160	82
64.147.162.165	223
64.147.162.169	270
64.147.162.173	215
64.147.162.177	1695
64.147.162.179	197
64.15.151.41	1452
64.15.203.19	436
64.151.126.118	190
64.151.126.121	165
64.151.69.37	1542
64.154.87.61	846
64.18.25.16	1288
64.190.51.133	2118
64.191.203.30	260
64.191.213.21	3042
64.191.5.38	345
64.202.167.128	782
64.202.167.70	1414
64.202.177.223	2965
64.202.188.108	1146
64.202.188.154	392
64.202.188.237	70
64.202.188.33	633
64.202.188.50	1682
64.202.189.148	574
64.202.189.170	431
64.207.133.176	2182
64.210.194.188	1969
64.211.42.193	252
64.211.66.220	1073
64.214.232.121	815
64.215.254.44	292
64.233.169.91	210
64.233.169.93	180
64.236.108.81	1340
64.236.115.52	1511
64.236.144.228	538
64.236.144.229	395
64.236.144.245	1984
64.236.144.246	3029
64.236.55.244	2808
64.236.79.229	584
64.236.92.10	684
64.236.92.18	484
64.236.92.254	1643
64.237.103.151	2874
64.237.127.131	654
64.239.7.134	969
64.27.53.234	562
64.29.144.70	1109
64.29.151.221	686
64.29.154.70	1110
64.29.178.143	3002
64.30.236.35	1329
64.30.236.59	1325
64.34.172.80	2176
64.37.156.13	2903
64.37.65.207	1617
64.4.18.73	2745
64.4.20.174	1467
64.4.20.184	589
64.4.241.33	1862
64.4.241.49	2953
64.4.31.252	1815
64.4.37.93	2475
64.4.37.95	1408
64.4.59.173	1108
64.40.121.139	1321
64.41.142.72	2842
64.41.142.75	2845
64.41.142.78	2846
64.41.197.42	2962
64.45.59.77	480
64.50.155.4	2108
64.50.160.95	2069
64.50.160.99	2103
64.50.163.59	2068
64.52.49.19	2793
64.56.177.79	1895
64.6.227.251	539
64.62.209.189	727
64.62.209.20	2034
64.62.209.218	888
64.62.209.24	1354
64.7.135.185	1259
64.70.54.41	2098
64.71.132.138	1206
64.71.132.139	1202
64.71.34.22	512
64.72.112.114	1977
64.72.112.115	1976
64.74.223.40	1009
64.74.98.80	645
64.85.73.111	1067
64.90.182.55	978
64.90.206.110	1048
64.90.206.135	1021
64.90.206.200	1221
64.94.107.11	1923
64.94.107.12	1851
64.94.107.13	26
64.94.107.14	877
64.94.107.15	1426
64.94.107.16	1399
64.94.107.17	2137
64.94.107.18	1363
64.94.107.19	1943
64.94.107.21	2135
64.94.107.22	149
64.94.107.23	40
64.94.107.24	708
64.94.107.25	295
64.94.107.26	124
64.94.107.27	233
64.94.107.28	2015
64.94.107.29	328
64.94.107.30	178
64.94.134.232	1184
64.94.20.204	198
64.95.64.198	483
64.98.148.11	2138
64.98.148.15	2121
65.120.177.81	2768
65.181.141.148	1285
65.181.169.155	2752
65.19.156.146	894
65.203.229.222	565
65.203.229.225	765
65.214.32.161	983
65.22.7.10	2117
65.22.7.13	2116
65.254.248.137	2089
65.254.250.107	535
65.54.149.200	1127
65.54.150.34	1189
65.54.165.136	541
65.54.165.137	1901
65.54.186.107	341
65.54.186.47	2473
65.54.186.49	1391
65.54.186.77	1953
65.54.186.79	1450
65.54.188.126	3021
65.54.234.9	2813
65.54.60.71	1377
65.54.77.76	525
65.54.77.92	2748
65.54.81.101	398
65.54.81.107	1468
65.54.81.121	1924
65.54.81.126	1244
65.54.81.149	2470
65.54.81.150	1526
65.54.81.155	1243
65.54.81.16	1044
65.54.81.166	307
65.54.81.169	832
65.54.81.171	946
65.54.81.172	956
65.54.81.173	836
65.54.81.175	191
65.54.81.176	3050
65.54.81.177	503
65.54.81.18	870
65.54.81.184	324
65.54.81.185	688
65.54.81.190	1131
65.54.81.200	456
65.54.81.209	2915
65.54.81.211	1533
65.54.81.223	1054
65.54.81.228	360
65.54.81.230	434
65.54.81.42	1295
65.54.81.47	603
65.54.81.49	2741
65.54.81.56	352
65.54.81.57	1407
65.54.81.59	587
65.54.81.60	904
65.54.81.62	2742
65.54.81.63	412
65.54.81.66	961
65.54.81.78	90
65.54.81.93	1697
65.54.81.99	363
65.55.114.223	2018
65.55.124.93	1956
65.55.133.121	343
65.55.14.245	580
65.55.149.119	2740
65.55.149.121	825
65.55.149.122	827
65.55.15.125	2177
65.55.15.242	2746
65.55.15.243	2178
65.55.162.252	1375
65.55.17.25	1386
65.55.17.26	397
65.55.17.27	552
65.55.17.32	1907
65.55.17.37	561
65.55.18.18	2747
65.55.184.152	174
65.55.184.155	268
65.55.184.16	2778
65.55.184.27	2855
65.55.185.26	905
65.55.200.139	203
65.55.200.156	2733
65.55.206.199	909
65.55.206.62	2812
65.55.21.250	404
65.55.226.140	1043
65.55.239.164	495
65.55.239.188	490
65.55.249.222	1322
65.55.25.59	308
65.55.25.60	91
65.55.27.219	2847
65.55.27.220	160
65.55.37.62	1123
65.55.37.72	2844
65.55.4.23	415
65.55.53.233	400
65.55.57.252	1369
65.55.7.141	1936
65.55.81.30	394
65.55.92.168	2100
65.55.94.222	2821
65.60.41.122	1651
65.61.156.41	448
65.61.156.43	447
65.74.182.38	1261
66.104.218.36	1306
66.113.131.36	1897
66.114.52.11	104
66.114.52.12	289
66.114.52.13	965
66.114.52.14	170
66.114.52.15	1165
66.114.52.16	359
66.114.52.17	1557
66.114.52.18	2154
66.114.52.19	88
66.114.52.22	1983
66.114.52.23	277
66.114.52.25	166
66.114.52.27	1741
66.114.52.28	138
66.114.52.29	225
66.114.52.30	338
66.114.52.32	1103
66.114.52.33	355
66.114.52.34	184
66.114.52.35	280
66.114.52.37	103
66.114.52.38	2963
66.114.52.39	169
66.114.52.40	261
66.114.52.41	201
66.114.52.42	1122
66.114.52.43	1702
66.114.52.44	273
66.114.52.45	309
66.114.52.46	86
66.119.33.139	2941
66.119.34.43	1019
66.135.200.11	1298
66.135.200.13	629
66.135.213.87	628
66.135.220.180	625
66.135.36.188	2206
66.135.38.26	310
66.147.242.181	2775
66.147.244.180	1646
66.150.117.25	1390
66.150.117.33	435
66.150.120.131	916
66.151.159.198	452
66.151.159.202	451
66.154.19.184	2031
66.165.133.65	1816
66.179.81.101	249
66.192.130.250	2464
66.192.77.35	2959
66.196.118.49	1792
66.196.80.187	497
66.196.80.63	752
66.196.81.200	664
66.196.85.51	1694
66.211.169.2	720
66.211.169.65	342
66.211.176.11	627
66.211.176.13	1299
66.220.146.11	1606
66.220.146.18	816
66.220.146.224	817
66.220.146.25	1247
66.220.147.11	911
66.220.147.22	1562
66.220.147.33	2019
66.220.153.11	582
66.220.153.15	1201
66.220.153.19	1952
66.220.153.23	1822
66.223.50.203	2854
66.225.238.45	2128
66.228.127.232	2964
66.232.135.20	1961
66.235.112.64	1535
66.235.119.33	1089
66.235.120.101	2977
66.235.126.95	489
66.235.132.118	1339
66.235.132.152	2887
66.235.133.1	2050
66.235.133.11	2896
66.235.133.14	1447
66.235.133.33	1253
66.235.133.62	1181
66.235.138.18	783
66.235.138.2	563
66.235.138.44	2743
66.235.139.54	121
66.235.142.2	1470
66.235.142.20	2994
66.235.142.24	1658
66.235.142.3	1492
66.235.143.118	1280
66.241.133.33	1358
66.246.235.42	1265
66.249.67.236	142
66.29.209.13	2175
66.29.209.15	2173
66.39.98.226	507
66.40.52.10	421
66.40.52.9	1589
66.43.22.49	3039
66.45.2.247	1351
66.45.2.251	1310
66.45.48.118	1367
66.77.33.23	1825
66.77.33.7	1225
66.77.79.20	3017
66.93.156.37	1837
66.96.134.46	3034
66.98.145.18	547
66.98.186.44	186
67.101.12.46	643
67.101.12.59	750
67.111.12.102	986
67.113.14.176	2219
67.15.184.7	294
67.15.47.4	2004
67.159.45.82	1539
67.16.94.2	1865
67.18.138.9	2109
67.18.140.13	1172
67.18.142.109	2082
67.18.22.28	3047
67.18.33.18	1162
67.18.35.149	2942
67.18.36.16	941
67.18.53.3	1939
67.18.53.9	1167
67.18.59.12	1031
67.18.59.6	506
67.18.66.2	1832
67.18.76.240	492
67.18.91.10	1168
67.18.99.115	907
67.19.145.242	1642
67.19.181.100	1155
67.19.181.101	2094
67.19.70.50	1641
67.19.79.106	1619
67.19.83.114	1621
67.192.118.82	2469
67.192.185.156	212
67.192.26.89	365
67.192.74.129	1987
67.192.95.150	1465
67.195.160.134	3014
67.195.160.76	534
67.195.182.211	1581
67.199.19.119	723
67.20.126.228	272
67.20.126.69	1904
67.20.126.72	1366
67.201.54.184	3041
67.201.62.239	2049
67.205.30.151	2201
67.205.53.63	2184
67.207.74.175	2777
67.212.184.66	23
67.219.156.130	1726
67.219.156.39	1371
67.220.214.50	476
67.220.214.51	474
67.221.167.20	1532
67.222.37.11	380
67.222.96.249	2032
67.225.207.171	2183
67.227.156.13	1309
67.228.13.100	1561
67.228.186.168	1647
67.228.37.8	473
67.228.55.137	1461
67.228.9.240	1560
67.63.50.99	1687
68.142.110.35	1680
68.142.110.81	864
68.142.196.63	1989
68.142.205.135	3043
68.142.205.137	2736
68.142.205.139	2197
68.142.214.24	1397
68.142.241.73	524
68.142.254.15	979
68.178.150.65	2057
68.178.178.97	376
68.178.232.100	1182
68.178.232.143	789
68.178.232.99	829
68.178.254.168	842
68.180.130.15	1027
68.180.131.16	1988
68.196.58.223	1232
68.71.208.74	1545
68.71.208.75	1721
68.71.208.76	1505
68.71.208.77	556
68.71.208.79	1480
68.71.208.81	276
68.71.209.113	1553
68.71.209.129	585
68.71.209.130	1451
68.71.209.190	1509
68.71.209.205	1050
68.71.209.206	95
68.71.209.207	1798
68.71.209.208	1579
68.71.209.209	1583
68.71.209.210	1769
68.71.209.213	1341
68.71.209.216	1600
68.71.209.57	604
68.71.209.69	1717
68.71.209.70	859
69.1.81.137	2831
69.1.81.227	2112
69.147.108.30	689
69.147.111.22	3036
69.147.112.160	459
69.147.115.131	1974
69.147.123.63	1084
69.147.125.65	532
69.147.76.42	508
69.161.222.179	1955
69.163.132.48	858
69.163.135.151	1100
69.163.137.130	2763
69.163.155.75	1507
69.163.173.92	266
69.163.248.240	610
69.166.132.246	2875
69.174.57.102	2039
69.175.14.75	902
69.175.84.50	1723
69.192.16.191	596
69.192.16.80	470
69.192.17.110	1353
69.192.17.51	660
69.192.17.52	1867
69.192.17.53	1401
69.192.19.171	1314
69.192.19.235	1425
69.192.19.50	1094
69.192.19.91	1236
69.192.20.64	2792
69.192.20.95	1668
69.192.21.13	56
69.192.21.222	413
69.192.22.146	1323
69.192.22.151	2022
69.192.22.233	181
69.192.24.166	855
69.192.24.229	671
69.192.24.28	2056
69.192.28.170	51
69.192.28.20	63
69.192.29.115	84
69.192.29.15	1007
69.192.29.86	1049
69.192.29.87	967
69.20.109.106	1900
69.20.70.155	1496
69.25.152.120	1429
69.25.27.170	1614
69.25.47.62	25
69.4.232.52	1573
69.41.247.9	631
69.42.83.92	475
69.43.160.13	1975
69.43.160.144	488
69.43.160.145	491
69.43.160.151	1278
69.43.160.209	177
69.44.181.212	297
69.46.36.34	2213
69.48.201.85	1654
69.48.252.146	1650
69.49.175.227	1342
69.56.159.6	1052
69.56.160.14	921
69.56.170.6	2883
69.56.184.16	1909
69.56.206.8	1891
69.56.212.8	2131
69.58.183.142	2882
69.59.17.202	1879
69.60.7.199	1857
69.60.7.210	1860
69.63.176.200	1648
69.63.177.195	1935
69.63.178.21	879
69.63.178.31	893
69.63.181.11	2829
69.63.181.12	468
69.63.181.15	636
69.63.183.19	1136
69.63.183.35	1134
69.63.186.49	2172
69.63.189.11	2866
69.63.189.26	2739
69.63.189.31	1783
69.64.250.34	1234
69.64.64.252	821
69.64.70.195	771
69.64.87.129	1666
69.64.88.254	1394
69.65.10.132	1469
69.65.12.103	1570
69.65.3.223	560
69.8.231.241	1387
69.84.133.138	931
69.89.31.122	2772
69.89.31.232	1819
69.90.98.85	922
69.93.100.47	1151
69.93.104.6	2997
69.93.134.9	920
69.93.135.40	2749
69.93.139.6	2060
69.93.154.5	1153
69.93.215.145	930
69.93.223.16	1145
69.93.31.10	1949
69.93.31.4	1170
69.93.41.136	926
69.93.55.14	527
69.93.60.16	950
70.164.19.100	1173
70.32.108.241	1432
70.32.68.137	1823
70.32.68.249	1667
70.35.30.229	1415
70.38.55.123	2210
70.42.23.12	768
70.42.240.28	1481
70.42.254.193	2099
70.42.27.130	725
70.85.1.39	3027
70.85.203.194	2129
70.85.51.91	1158
70.85.59.215	2083
70.85.84.42	934
70.86.183.66	220
70.86.74.242	2161
70.86.95.170	2133
70.87.221.2	705
70.87.221.5	1001
70.87.222.173	1887
72.1.201.156	1088
72.11.132.253	379
72.14.204.100	899
72.14.204.101	163
72.14.204.102	147
72.14.204.103	73
72.14.204.104	185
72.14.204.113	199
72.14.204.118	58
72.14.204.132	2192
72.14.204.136	2063
72.14.204.147	127
72.14.204.148	74
72.14.204.149	133
72.14.204.154	1861
72.14.204.155	576
72.14.204.156	675
72.14.204.157	1670
72.14.204.164	672
72.14.204.165	1291
72.14.204.166	1546
72.14.204.167	1487
72.14.204.190	2065
72.14.204.191	1220
72.14.204.91	2085
72.14.204.93	2064
72.14.204.96	674
72.14.204.99	155
72.167.131.114	726
72.167.51.211	810
72.167.54.51	1627
72.172.128.65	449
72.21.192.209	1510
72.21.202.134	2047
72.21.202.152	2783
72.21.202.153	59
72.21.202.164	1964
72.21.202.192	1079
72.21.202.194	1372
72.21.202.71	301
72.21.202.96	1302
72.21.202.97	1494
72.21.203.133	2158
72.21.203.134	1663
72.21.204.208	984
72.21.206.106	644
72.21.206.110	1315
72.21.206.132	1629
72.21.206.133	2928
72.21.206.170	1263
72.21.206.30	951
72.21.206.70	1192
72.21.207.100	1847
72.21.207.134	346
72.21.207.135	805
72.21.207.152	391
72.21.207.153	250
72.21.207.164	1544
72.21.207.165	213
72.21.207.193	2904
72.21.207.195	1859
72.21.207.242	408
72.21.207.59	1370
72.21.207.65	655
72.21.207.75	1537
72.21.210.136	1524
72.21.210.210	334
72.21.210.250	681
72.21.210.48	900
72.21.210.49	1373
72.21.210.5	1013
72.21.211.100	1869
72.21.211.102	729
72.21.211.148	1417
72.21.211.152	1834
72.21.211.153	1630
72.21.211.161	1327
72.21.211.163	183
72.21.211.164	1382
72.21.211.165	1352
72.21.211.225	2880
72.21.211.241	2789
72.21.211.247	1319
72.21.211.32	1568
72.21.80.6	1338
72.21.81.133	1214
72.21.91.19	153
72.233.104.107	1894
72.233.104.123	1918
72.233.104.124	1853
72.233.104.125	368
72.233.2.58	1966
72.233.2.59	2136
72.233.44.59	49
72.233.44.61	110
72.233.56.138	917
72.233.56.139	792
72.233.61.123	154
72.233.61.125	737
72.233.69.13	1797
72.233.69.4	240
72.233.69.5	1226
72.233.69.6	369
72.233.69.8	691
72.246.30.144	466
72.246.31.10	733
72.246.31.16	2934
72.246.31.18	401
72.246.31.19	157
72.246.31.24	410
72.246.31.43	1811
72.246.31.48	1833
72.246.31.49	2217
72.246.31.51	465
72.246.31.65	1652
72.246.31.66	679
72.246.31.72	461
72.246.31.75	1671
72.246.31.82	1058
72.246.31.9	2480
72.246.46.3	422
72.246.46.4	1411
72.247.242.38	1011
72.247.242.6	884
72.249.190.95	1912
72.249.55.60	3006
72.251.206.98	1762
72.26.203.99	813
72.26.226.42	1006
72.29.184.73	1718
72.3.207.82	653
72.30.186.25	3004
72.30.33.107	1885
72.32.147.133	695
72.32.153.176	885
72.32.199.73	2803
72.32.207.244	1951
72.32.209.190	30
72.32.231.8	1714
72.32.51.99	1950
72.32.55.82	1856
72.32.6.120	2832
72.32.79.195	891
72.34.63.98	1160
72.41.81.111	997
72.47.228.196	429
72.51.46.230	347
72.52.250.227	1835
72.52.77.3	1808
74.113.232.28	1090
74.117.114.76	2973
74.117.114.94	2943
74.117.115.80	486
74.117.116.126	2825
74.117.116.75	329
74.120.140.11	2836
74.120.148.2	239
74.125.113.27	1270
74.125.127.93	3007
74.125.47.93	595
74.125.67.118	129
74.125.91.27	2795
74.125.93.106	2993
74.125.93.118	2759
74.125.93.121	661
74.125.93.136	156
74.125.93.190	57
74.125.93.191	2954
74.125.93.91	2028
74.125.93.93	1933
74.125.93.99	2878
74.200.243.250	1144
74.200.243.251	1920
74.200.244.58	1065
74.200.244.59	312
74.200.245.242	1272
74.200.247.186	315
74.200.247.187	608
74.200.247.35	892
74.200.247.59	1104
74.200.247.60	330
74.200.247.61	2940
74.200.26.25	952
74.205.111.98	2011
74.205.237.40	1529
74.208.109.82	1558
74.208.123.175	83
74.208.159.84	1733
74.208.31.254	1719
74.208.9.192	246
74.217.85.23	2826
74.220.195.150	222
74.220.195.183	1669
74.220.199.8	162
74.220.207.180	221
74.220.215.227	1746
74.50.3.200	79
74.52.184.110	1910
74.52.79.2	1917
74.53.27.34	350
74.53.78.211	437
74.54.152.11	487
74.54.219.242	2195
74.55.1.2	1591
74.55.1.4	509
74.6.234.31	1580
74.63.154.208	2877
74.63.40.21	41
74.81.88.126	1684
74.82.40.185	2872
74.86.109.241	1176
74.86.112.133	1051
74.86.113.17	1622
74.86.116.197	1707
74.86.133.140	857
74.86.158.240	553
74.86.158.244	613
74.86.190.242	2762
74.86.212.17	958
75.101.152.121	2205
75.101.156.189	1890
75.119.210.10	2969
75.126.11.131	651
75.126.132.104	1905
75.126.132.39	1588
75.126.133.184	370
75.126.195.88	1922
75.127.97.197	33
75.127.97.72	678
75.127.98.14	751
75.127.98.22	234
76.13.114.60	1893
76.13.116.135	3015
76.13.17.39	1075
76.13.18.77	1364
76.13.18.78	1024
76.13.18.79	845
76.13.219.168	1410
76.13.219.190	1409
76.13.220.49	1036
76.13.6.175	622
76.13.62.84	2765
76.222.49.134	1996
76.222.49.141	1997
76.227.216.13	55
76.74.252.103	1260
76.74.253.121	2066
76.74.254.118	1228
76.74.254.120	293
76.74.254.121	3026
76.74.254.123	690
76.74.254.126	1130
76.74.255.116	1564
76.74.255.117	332
76.74.255.122	1442
76.74.255.123	1852
76.76.12.114	2856
76.76.12.115	2817
77.222.40.75	2766
77.244.245.133	2157
77.55.16.58	2130
78.46.51.83	868
78.46.58.150	2144
78.47.200.154	915
79.125.18.16	496
79.125.4.172	375
79.125.9.29	1659
79.170.40.181	2758
79.170.40.246	2788
79.171.91.36	1554
79.171.91.39	2104
79.171.91.40	1506
79.171.91.43	2211
79.99.131.13	1713
8.12.202.126	1795
8.14.112.20	1513
8.255.48.47	1187
8.8.12.248	1745
80.169.205.198	1290
80.169.205.202	1376
80.237.132.80	1729
80.249.99.126	1846
80.249.99.130	2009
80.74.144.10	1400
80.95.160.60	2823
81.21.144.40	2966
81.21.145.24	1453
81.222.128.14	2002
81.52.250.132	973
81.52.250.135	251
82.145.33.95	1336
82.147.22.179	2807
82.192.68.72	2886
82.192.68.76	2884
82.223.163.111	1571
82.98.86.161	772
82.98.86.163	2046
82.98.86.172	853
82.98.86.179	442
82.98.86.180	498
82.98.86.181	388
82.98.86.182	1015
82.98.86.183	387
83.137.145.21	2070
83.137.194.77	1457
83.169.34.47	2207
83.169.60.10	2737
83.231.195.20	2978
83.244.205.210	1898
83.246.110.9	843
84.20.129.123	1476
84.55.184.77	2951
84.55.184.84	1584
85.10.196.210	1735
85.13.157.211	1413
85.183.249.139	393
85.25.67.16	455
87.106.19.187	571
87.106.217.97	1444
87.238.81.142	1474
87.238.81.156	1320
87.238.83.166	1068
87.238.83.167	1368
87.238.83.168	1979
87.238.84.209	1385
87.238.85.142	1528
87.238.85.156	1219
87.238.86.120	2005
87.238.86.121	1264
87.238.86.122	1269
87.238.87.36	1116
87.238.87.37	1317
87.242.74.103	1999
87.79.27.18	2472
87.83.27.31	2857
87.83.27.32	2961
87.83.27.33	2764
87.83.27.34	2863
88.198.182.92	573
88.208.204.203	890
88.80.205.219	3023
89.105.200.52	2830
89.151.99.84	231
89.151.99.85	896
90.156.178.18	1947
90.156.178.38	1954
90.156.194.205	1948
91.121.95.51	1995
91.189.88.30	356
91.189.88.40	358
91.189.88.45	326
91.189.90.132	3045
91.189.90.41	971
91.189.92.167	357
91.189.94.4	615
91.190.170.71	386
91.195.240.121	383
91.195.240.124	440
91.200.50.51	2818
91.210.143.233	2209
93.115.118.243	2893
94.100.185.20	2013
94.100.185.23	2003
94.100.185.24	2000
94.100.185.26	2478
94.100.185.56	2477
94.23.246.9	1556
94.236.79.219	767
94.76.213.100	1716
95.172.27.50	925
96.17.144.195	2921
96.17.144.197	420
96.17.195.91	2008
96.17.204.20	2160
96.255.120.45	47
96.30.0.212	763
96.30.19.33	340
96.6.112.197	446
96.6.112.198	1128
96.6.120.34	1872
96.6.120.40	1906
96.6.16.80	2105
96.6.29.86	2917
97.74.104.100	849
97.74.104.201	48
97.74.104.203	865
97.74.104.209	1914
97.74.104.219	406
97.74.104.47	883
97.74.104.49	54
97.74.144.101	1720
97.74.144.108	569
97.74.144.113	914
97.74.144.191	974
97.74.200.192	819
97.74.215.118	714
97.74.215.193	2215
97.74.215.42	728
97.74.215.56	267
97.74.231.108	300
97.74.43.117	806
97.74.43.228	1791
97.74.43.60	852
97.74.46.222	1601
98.124.157.200	2156
98.124.167.250	2042
98.124.199.1	1870
98.129.150.221	1710
98.136.154.147	718
98.136.72.112	669
98.136.72.113	668
98.136.76.244	719
98.136.78.184	1888
98.137.53.150	3013
98.137.80.31	1105
98.137.80.32	531
98.137.80.33	702
98.137.80.34	1203
98.137.80.49	515
98.137.80.50	533
98.137.80.54	510
98.139.50.166	322
98.142.102.30	1625
98.158.16.184	707
98.158.176.206	548
99.198.110.250	1237
